DROP DATABASE IF EXISTS skillcollab;
CREATE DATABASE skillcollab;
USE skillcollab;
CREATE DATABASE IF NOT EXISTS skillcollab;
USE skillcollab;

CREATE TABLE SKILL (
    skill_id   INT PRIMARY KEY AUTO_INCREMENT,
    skill_name VARCHAR(100) NOT NULL
);

select * from skill;

CREATE TABLE USER (
    user_id    INT PRIMARY KEY AUTO_INCREMENT,
    username   VARCHAR(50)  NOT NULL,
    email      VARCHAR(100) NOT NULL,
    password   VARCHAR(255) NOT NULL,
    bio        TEXT,
    status     VARCHAR(20)  NOT NULL,
    created_at DATETIME     NOT NULL
);

CREATE TABLE PROJECT (
    project_id   INT PRIMARY KEY AUTO_INCREMENT,
    project_name VARCHAR(150) NOT NULL,
    description  TEXT,
    owner_id     INT NOT NULL,
    status       VARCHAR(20) NOT NULL,
    created_at   DATETIME NOT NULL,
    updated_at   DATETIME NOT NULL,
    max_members  INT NOT NULL,
    FOREIGN KEY (owner_id) REFERENCES USER(user_id)
);
select * from project;

CREATE TABLE USER_SKILL (
    user_id  INT NOT NULL,
    skill_id INT NOT NULL,
    PRIMARY KEY (user_id, skill_id),
    FOREIGN KEY (user_id)  REFERENCES USER(user_id),
    FOREIGN KEY (skill_id) REFERENCES SKILL(skill_id)
);
select * from USER_SKILL;

CREATE TABLE PROJECT_SKILL (
    project_id INT NOT NULL,
    skill_id   INT NOT NULL,
    PRIMARY KEY (project_id, skill_id),
    FOREIGN KEY (project_id) REFERENCES PROJECT(project_id),
    FOREIGN KEY (skill_id)   REFERENCES SKILL(skill_id)
);
select * from PROJECT_SKILL;

CREATE TABLE APPLICATION (
    application_id INT PRIMARY KEY AUTO_INCREMENT,
    user_id        INT NOT NULL,
    project_id     INT NOT NULL,
    status         VARCHAR(20) NOT NULL,
    note           TEXT,
    applied_at     DATETIME NOT NULL,
    FOREIGN KEY (user_id)    REFERENCES USER(user_id),
    FOREIGN KEY (project_id) REFERENCES PROJECT(project_id)
);
select * from application;

CREATE TABLE MESSAGES (
    message_id  INT PRIMARY KEY AUTO_INCREMENT,
    sender_id   INT NOT NULL,
    receiver_id INT NOT NULL,
    content     TEXT NOT NULL,
    sent_at     DATETIME NOT NULL,
    is_read     INT NOT NULL DEFAULT 0,
    FOREIGN KEY (sender_id)   REFERENCES USER(user_id),
    FOREIGN KEY (receiver_id) REFERENCES USER(user_id)
);
select * from messages;

INSERT INTO SKILL (skill_id, skill_name) VALUES
(1, 'Python'),(2, 'JavaScript'),(3, 'React'),(4, 'Django'),(5, 'Node.js'),
(6, 'MySQL'),(7, 'PostgreSQL'),(8, 'MongoDB'),(9, 'Machine Learning'),(10, 'Data Analysis'),
(11, 'UI/UX Design'),(12, 'Figma'),(13, 'Flutter'),(14, 'Android Dev'),(15, 'iOS Dev'),
(16, 'DevOps'),(17, 'Docker'),(18, 'Git'),(19, 'REST API'),(20, 'Cybersecurity');

INSERT INTO USER (user_id, username, email, password, bio, status, created_at) VALUES
(1,  'alisheikh1',       'ali.sheikh1@email.com',       'hashed_pw_001', 'I am a developer passionate about building solutions.',  'active',   '2023-09-08 00:00:00'),
(2,  'alimirza2',        'ali.mirza2@email.com',        'hashed_pw_002', 'I am a designer passionate about building solutions.',   'active',   '2024-11-23 00:00:00'),
(3,  'sarafarooq3',      'sara.farooq3@email.com',      'hashed_pw_003', 'I am a developer passionate about building solutions.',  'inactive', '2024-03-08 00:00:00'),
(4,  'saraahmed4',       'sara.ahmed4@email.com',       'hashed_pw_004', 'I am a developer passionate about building solutions.',  'active',   '2023-08-12 00:00:00'),
(5,  'ahmedmirza5',      'ahmed.mirza5@email.com',      'hashed_pw_005', 'I am a developer passionate about building solutions.',  'inactive', '2023-07-23 00:00:00'),
(6,  'ahmedfarooq6',     'ahmed.farooq6@email.com',     'hashed_pw_006', 'I am a engineer passionate about building solutions.',   'active',   '2024-04-04 00:00:00'),
(7,  'zaraansari7',      'zara.ansari7@email.com',      'hashed_pw_007', 'I am a student passionate about building solutions.',    'active',   '2023-06-13 00:00:00'),
(8,  'zarajaved8',       'zara.javed8@email.com',       'hashed_pw_008', 'I am a student passionate about building solutions.',    'active',   '2023-06-09 00:00:00'),
(9,  'omariqbal9',       'omar.iqbal9@email.com',       'hashed_pw_009', 'I am a student passionate about building solutions.',    'active',   '2023-04-05 00:00:00'),
(10, 'omarqureshi10',    'omar.qureshi10@email.com',    'hashed_pw_010', 'I am a developer passionate about building solutions.',  'active',   '2023-12-19 00:00:00'),
(11, 'fatimazafar11',    'fatima.zafar11@email.com',    'hashed_pw_011', 'I am a student passionate about building solutions.',    'active',   '2024-04-15 00:00:00'),
(12, 'fatimafarooq12',   'fatima.farooq12@email.com',   'hashed_pw_012', 'I am a developer passionate about building solutions.',  'active',   '2023-03-22 00:00:00'),
(13, 'hassanfarooq13',   'hassan.farooq13@email.com',   'hashed_pw_013', 'I am a student passionate about building solutions.',    'inactive', '2024-01-06 00:00:00'),
(14, 'hassanansari14',   'hassan.ansari14@email.com',   'hashed_pw_014', 'I am a designer passionate about building solutions.',   'active',   '2023-02-16 00:00:00'),
(15, 'nadiamirza15',     'nadia.mirza15@email.com',     'hashed_pw_015', 'I am a student passionate about building solutions.',    'active',   '2023-08-27 00:00:00'),
(16, 'nadiasheikh16',    'nadia.sheikh16@email.com',    'hashed_pw_016', 'I am a engineer passionate about building solutions.',   'active',   '2024-04-09 00:00:00'),
(17, 'bilalbaig17',      'bilal.baig17@email.com',      'hashed_pw_017', 'I am a designer passionate about building solutions.',   'active',   '2023-12-30 00:00:00'),
(18, 'bilaliqbal18',     'bilal.iqbal18@email.com',     'hashed_pw_018', 'I am a student passionate about building solutions.',    'active',   '2024-09-15 00:00:00'),
(19, 'ayeshahussain19',  'ayesha.hussain19@email.com',  'hashed_pw_019', 'I am a designer passionate about building solutions.',   'active',   '2024-04-18 00:00:00'),
(20, 'ayeshaqureshi20',  'ayesha.qureshi20@email.com',  'hashed_pw_020', 'I am a student passionate about building solutions.',    'inactive', '2023-08-13 00:00:00'),
(21, 'usmanraza21',      'usman.raza21@email.com',      'hashed_pw_021', 'I am a developer passionate about building solutions.',  'active',   '2023-02-02 00:00:00'),
(22, 'usmanraza22',      'usman.raza22@email.com',      'hashed_pw_022', 'I am a engineer passionate about building solutions.',   'active',   '2023-03-09 00:00:00'),
(23, 'hiraiqbal23',      'hira.iqbal23@email.com',      'hashed_pw_023', 'I am a student passionate about building solutions.',    'active',   '2024-11-02 00:00:00'),
(24, 'hirarizvi24',      'hira.rizvi24@email.com',      'hashed_pw_024', 'I am a engineer passionate about building solutions.',   'active',   '2023-05-27 00:00:00'),
(25, 'faisalchaudhry25', 'faisal.chaudhry25@email.com', 'hashed_pw_025', 'I am a designer passionate about building solutions.',   'active',   '2024-07-28 00:00:00'),
(26, 'faisalfarooq26',   'faisal.farooq26@email.com',   'hashed_pw_026', 'I am a student passionate about building solutions.',    'inactive', '2024-03-14 00:00:00'),
(27, 'sanaansari27',     'sana.ansari27@email.com',     'hashed_pw_027', 'I am a engineer passionate about building solutions.',   'active',   '2023-08-13 00:00:00'),
(28, 'sanabutt28',       'sana.butt28@email.com',       'hashed_pw_028', 'I am a engineer passionate about building solutions.',   'active',   '2023-02-18 00:00:00'),
(29, 'tariqsheikh29',    'tariq.sheikh29@email.com',    'hashed_pw_029', 'I am a designer passionate about building solutions.',   'active',   '2024-11-27 00:00:00'),
(30, 'tariqjaved30',     'tariq.javed30@email.com',     'hashed_pw_030', 'I am a developer passionate about building solutions.',  'active',   '2024-01-26 00:00:00'),
(31, 'aminazafar31',     'amina.zafar31@email.com',     'hashed_pw_031', 'I am a engineer passionate about building solutions.',   'inactive', '2023-09-15 00:00:00'),
(32, 'aminafarooq32',    'amina.farooq32@email.com',    'hashed_pw_032', 'I am a developer passionate about building solutions.',  'active',   '2024-11-29 00:00:00'),
(33, 'kamranfarooq33',   'kamran.farooq33@email.com',   'hashed_pw_033', 'I am a student passionate about building solutions.',    'active',   '2023-04-25 00:00:00'),
(34, 'kamransiddiqui34', 'kamran.siddiqui34@email.com', 'hashed_pw_034', 'I am a engineer passionate about building solutions.',   'active',   '2024-04-09 00:00:00'),
(35, 'ridakhan35',       'rida.khan35@email.com',       'hashed_pw_035', 'I am a student passionate about building solutions.',    'inactive', '2023-07-02 00:00:00'),
(36, 'ridahashmi36',     'rida.hashmi36@email.com',     'hashed_pw_036', 'I am a developer passionate about building solutions.',  'active',   '2024-10-16 00:00:00'),
(37, 'zubairhashmi37',   'zubair.hashmi37@email.com',   'hashed_pw_037', 'I am a designer passionate about building solutions.',   'active',   '2024-01-18 00:00:00'),
(38, 'zubairhussain38',  'zubair.hussain38@email.com',  'hashed_pw_038', 'I am a developer passionate about building solutions.',  'inactive', '2023-11-28 00:00:00'),
(39, 'laylarizvi39',     'layla.rizvi39@email.com',     'hashed_pw_039', 'I am a developer passionate about building solutions.',  'active',   '2024-01-07 00:00:00'),
(40, 'laylasiddiqui40',  'layla.siddiqui40@email.com',  'hashed_pw_040', 'I am a designer passionate about building solutions.',   'active',   '2023-09-04 00:00:00'),
(41, 'asadansari41',     'asad.ansari41@email.com',     'hashed_pw_041', 'I am a developer passionate about building solutions.',  'active',   '2024-05-12 00:00:00'),
(42, 'asadmalik42',      'asad.malik42@email.com',      'hashed_pw_042', 'I am a designer passionate about building solutions.',   'active',   '2024-11-06 00:00:00'),
(43, 'mehwishrizvi43',   'mehwish.rizvi43@email.com',   'hashed_pw_043', 'I am a designer passionate about building solutions.',   'active',   '2024-06-24 00:00:00'),
(44, 'mehwishzafar44',   'mehwish.zafar44@email.com',   'hashed_pw_044', 'I am a engineer passionate about building solutions.',   'active',   '2024-07-06 00:00:00'),
(45, 'imraniqbal45',     'imran.iqbal45@email.com',     'hashed_pw_045', 'I am a student passionate about building solutions.',    'active',   '2024-11-18 00:00:00'),
(46, 'imranbaig46',      'imran.baig46@email.com',      'hashed_pw_046', 'I am a engineer passionate about building solutions.',   'inactive', '2024-04-07 00:00:00'),
(47, 'shaziasheikh47',   'shazia.sheikh47@email.com',   'hashed_pw_047', 'I am a designer passionate about building solutions.',   'active',   '2023-03-07 00:00:00'),
(48, 'shaziaraza48',     'shazia.raza48@email.com',     'hashed_pw_048', 'I am a developer passionate about building solutions.',  'inactive', '2024-07-21 00:00:00'),
(49, 'junaidmirza49',    'junaid.mirza49@email.com',    'hashed_pw_049', 'I am a designer passionate about building solutions.',   'active',   '2023-03-14 00:00:00'),
(50, 'junaidahmed50',    'junaid.ahmed50@email.com',    'hashed_pw_050', 'I am a designer passionate about building solutions.',   'active',   '2023-02-02 00:00:00'),
(51, 'farahraza51',      'farah.raza51@email.com',      'hashed_pw_051', 'I am a developer passionate about building solutions.',  'inactive', '2023-09-01 00:00:00'),
(52, 'farahchaudhry52',  'farah.chaudhry52@email.com',  'hashed_pw_052', 'I am a engineer passionate about building solutions.',   'active',   '2024-07-06 00:00:00'),
(53, 'waqasbutt53',      'waqas.butt53@email.com',      'hashed_pw_053', 'I am a engineer passionate about building solutions.',   'active',   '2024-04-29 00:00:00'),
(54, 'waqasjaved54',     'waqas.javed54@email.com',     'hashed_pw_054', 'I am a designer passionate about building solutions.',   'active',   '2023-04-10 00:00:00'),
(55, 'noorjaved55',      'noor.javed55@email.com',      'hashed_pw_055', 'I am a student passionate about building solutions.',    'active',   '2024-02-25 00:00:00'),
(56, 'noornawaz56',      'noor.nawaz56@email.com',      'hashed_pw_056', 'I am a developer passionate about building solutions.',  'active',   '2023-03-04 00:00:00'),
(57, 'saadqureshi57',    'saad.qureshi57@email.com',    'hashed_pw_057', 'I am a student passionate about building solutions.',    'active',   '2023-09-12 00:00:00'),
(58, 'saadiqbal58',      'saad.iqbal58@email.com',      'hashed_pw_058', 'I am a designer passionate about building solutions.',   'inactive', '2024-04-04 00:00:00'),
(59, 'mariambutt59',     'mariam.butt59@email.com',     'hashed_pw_059', 'I am a engineer passionate about building solutions.',   'active',   '2023-10-13 00:00:00'),
(60, 'mariamnawaz60',    'mariam.nawaz60@email.com',    'hashed_pw_060', 'I am a designer passionate about building solutions.',   'active',   '2024-03-29 00:00:00');

INSERT INTO PROJECT (project_id, project_name, description, owner_id, status, created_at, updated_at, max_members) VALUES
(1,  'EduConnect Platform',         'EduConnect Platform is a collaborative project aimed at solving real-world problems using modern technologies.',         52, 'in_progress', '2023-04-11', '2023-04-18', 3),
(2,  'HealthTrack App',             'HealthTrack App is a collaborative project aimed at solving real-world problems using modern technologies.',             6,  'open',        '2023-06-20', '2023-08-12', 6),
(3,  'Campus Marketplace',          'Campus Marketplace is a collaborative project aimed at solving real-world problems using modern technologies.',          31, 'open',        '2024-02-15', '2024-02-23', 4),
(4,  'AI Resume Builder',           'AI Resume Builder is a collaborative project aimed at solving real-world problems using modern technologies.',           25, 'open',        '2024-02-04', '2024-03-09', 6),
(5,  'Remote Team Organizer',       'Remote Team Organizer is a collaborative project aimed at solving real-world problems using modern technologies.',       19, 'closed',      '2024-12-14', '2025-02-24', 6),
(6,  'StudyBuddy Matcher',          'StudyBuddy Matcher is a collaborative project aimed at solving real-world problems using modern technologies.',          10, 'open',        '2023-10-31', '2023-11-28', 3),
(7,  'EventSync Tool',              'EventSync Tool is a collaborative project aimed at solving real-world problems using modern technologies.',              38, 'in_progress', '2023-03-04', '2023-04-14', 3),
(8,  'Budget Planner App',          'Budget Planner App is a collaborative project aimed at solving real-world problems using modern technologies.',          4,  'in_progress', '2024-05-03', '2024-07-07', 4),
(9,  'Job Board System',            'Job Board System is a collaborative project aimed at solving real-world problems using modern technologies.',            4,  'in_progress', '2023-03-24', '2023-04-17', 3),
(10, 'Mental Health Tracker',       'Mental Health Tracker is a collaborative project aimed at solving real-world problems using modern technologies.',       39, 'open',        '2024-11-22', '2024-12-23', 6),
(11, 'Code Review Tool',            'Code Review Tool is a collaborative project aimed at solving real-world problems using modern technologies.',            8,  'in_progress', '2023-09-10', '2023-11-24', 3),
(12, 'Language Exchange App',       'Language Exchange App is a collaborative project aimed at solving real-world problems using modern technologies.',       40, 'open',        '2024-03-05', '2024-05-29', 5),
(13, 'Freelance Hub',               'Freelance Hub is a collaborative project aimed at solving real-world problems using modern technologies.',               60, 'open',        '2023-07-29', '2023-10-23', 5),
(14, 'Smart Attendance System',     'Smart Attendance System is a collaborative project aimed at solving real-world problems using modern technologies.',     16, 'open',        '2024-02-10', '2024-02-27', 5),
(15, 'Online Voting Platform',      'Online Voting Platform is a collaborative project aimed at solving real-world problems using modern technologies.',      30, 'open',        '2023-03-16', '2023-03-18', 6),
(16, 'Recipe Sharing App',          'Recipe Sharing App is a collaborative project aimed at solving real-world problems using modern technologies.',          40, 'in_progress', '2023-04-13', '2023-04-23', 4),
(17, 'Travel Planner',              'Travel Planner is a collaborative project aimed at solving real-world problems using modern technologies.',              33, 'open',        '2023-05-16', '2023-06-30', 3),
(18, 'Gym Management System',       'Gym Management System is a collaborative project aimed at solving real-world problems using modern technologies.',       57, 'open',        '2024-01-14', '2024-02-20', 4),
(19, 'Library Management',          'Library Management is a collaborative project aimed at solving real-world problems using modern technologies.',          29, 'in_progress', '2024-12-21', '2025-01-29', 3),
(20, 'E-commerce Dashboard',        'E-commerce Dashboard is a collaborative project aimed at solving real-world problems using modern technologies.',        43, 'in_progress', '2023-11-03', '2024-01-27', 3),
(21, 'News Aggregator',             'News Aggregator is a collaborative project aimed at solving real-world problems using modern technologies.',             57, 'open',        '2023-09-28', '2023-10-13', 3),
(22, 'Chat Moderation Tool',        'Chat Moderation Tool is a collaborative project aimed at solving real-world problems using modern technologies.',        48, 'in_progress', '2023-06-09', '2023-07-14', 5),
(23, 'Portfolio Generator',         'Portfolio Generator is a collaborative project aimed at solving real-world problems using modern technologies.',         39, 'open',        '2023-12-18', '2024-01-14', 5),
(24, 'Task Manager Pro',            'Task Manager Pro is a collaborative project aimed at solving real-world problems using modern technologies.',            33, 'closed',      '2023-09-15', '2023-09-22', 3),
(25, 'Crowdfunding Platform',       'Crowdfunding Platform is a collaborative project aimed at solving real-world problems using modern technologies.',       41, 'closed',      '2023-10-11', '2023-10-17', 3),
(26, 'Podcast Discovery App',       'Podcast Discovery App is a collaborative project aimed at solving real-world problems using modern technologies.',       22, 'open',        '2024-10-14', '2024-11-17', 4),
(27, 'Real Estate Listing',         'Real Estate Listing is a collaborative project aimed at solving real-world problems using modern technologies.',         48, 'closed',      '2024-07-18', '2024-09-11', 3),
(28, 'Tutor Finder',                'Tutor Finder is a collaborative project aimed at solving real-world problems using modern technologies.',                8,  'open',        '2024-12-08', '2024-12-28', 3),
(29, 'Internship Portal',           'Internship Portal is a collaborative project aimed at solving real-world problems using modern technologies.',           54, 'open',        '2024-08-19', '2024-10-29', 4),
(30, 'Social Skills Tracker',       'Social Skills Tracker is a collaborative project aimed at solving real-world problems using modern technologies.',       28, 'open',        '2023-02-12', '2023-03-24', 5),
(31, 'Coding Challenge Platform',   'Coding Challenge Platform is a collaborative project aimed at solving real-world problems using modern technologies.',   58, 'open',        '2024-01-02', '2024-01-29', 4),
(32, 'Green Energy Monitor',        'Green Energy Monitor is a collaborative project aimed at solving real-world problems using modern technologies.',        43, 'open',        '2023-12-29', '2024-03-10', 6),
(33, 'Volunteer Coordinator',       'Volunteer Coordinator is a collaborative project aimed at solving real-world problems using modern technologies.',       40, 'open',        '2023-08-31', '2023-09-21', 4),
(34, 'Pet Adoption System',         'Pet Adoption System is a collaborative project aimed at solving real-world problems using modern technologies.',         57, 'closed',      '2023-01-26', '2023-02-18', 5),
(35, 'Disaster Alert App',          'Disaster Alert App is a collaborative project aimed at solving real-world problems using modern technologies.',          51, 'closed',      '2024-11-16', '2024-12-18', 5),
(36, 'Community Forum',             'Community Forum is a collaborative project aimed at solving real-world problems using modern technologies.',             11, 'open',        '2024-01-27', '2024-02-01', 6),
(37, 'Homework Helper',             'Homework Helper is a collaborative project aimed at solving real-world problems using modern technologies.',             15, 'open',        '2024-04-16', '2024-05-31', 5),
(38, 'Startup Pitch Platform',      'Startup Pitch Platform is a collaborative project aimed at solving real-world problems using modern technologies.',      53, 'open',        '2023-08-17', '2023-08-21', 4),
(39, 'Skills Assessment Tool',      'Skills Assessment Tool is a collaborative project aimed at solving real-world problems using modern technologies.',      26, 'open',        '2023-10-13', '2023-10-22', 5),
(40, 'Night Market Locator',        'Night Market Locator is a collaborative project aimed at solving real-world problems using modern technologies.',        23, 'in_progress', '2024-02-14', '2024-05-11', 5),
(41, 'Transport Tracker',           'Transport Tracker is a collaborative project aimed at solving real-world problems using modern technologies.',           2,  'open',        '2023-09-25', '2023-10-18', 5),
(42, 'Classroom Scheduler',         'Classroom Scheduler is a collaborative project aimed at solving real-world problems using modern technologies.',         3,  'open',        '2024-09-02', '2024-10-28', 5),
(43, 'Micro-investment App',        'Micro-investment App is a collaborative project aimed at solving real-world problems using modern technologies.',        47, 'open',        '2024-03-22', '2024-06-08', 3),
(44, 'Feedback Collector',          'Feedback Collector is a collaborative project aimed at solving real-world problems using modern technologies.',          25, 'in_progress', '2023-07-14', '2023-08-16', 3),
(45, 'Open Source Contributer Hub', 'Open Source Contributer Hub is a collaborative project aimed at solving real-world problems using modern technologies.', 46, 'closed',      '2023-01-02', '2023-03-10', 4),
(46, 'Digital Wallet',              'Digital Wallet is a collaborative project aimed at solving real-world problems using modern technologies.',              24, 'closed',      '2023-03-13', '2023-06-07', 5),
(47, 'Medical Appointment App',     'Medical Appointment App is a collaborative project aimed at solving real-world problems using modern technologies.',     40, 'open',        '2024-11-10', '2024-11-26', 5),
(48, 'Survey Builder',              'Survey Builder is a collaborative project aimed at solving real-world problems using modern technologies.',              33, 'open',        '2024-11-13', '2025-01-05', 5),
(49, 'AR Campus Map',               'AR Campus Map is a collaborative project aimed at solving real-world problems using modern technologies.',               26, 'open',        '2024-07-21', '2024-08-07', 4),
(50, 'Sports Team Manager',         'Sports Team Manager is a collaborative project aimed at solving real-world problems using modern technologies.',         27, 'closed',      '2024-11-24', '2024-12-17', 5),
(51, 'Research Paper Organizer',    'Research Paper Organizer is a collaborative project aimed at solving real-world problems using modern technologies.',    26, 'in_progress', '2023-01-01', '2023-02-09', 5),
(52, 'Habit Builder',               'Habit Builder is a collaborative project aimed at solving real-world problems using modern technologies.',               14, 'closed',      '2024-08-16', '2024-11-02', 5),
(53, 'Mentorship Connector',        'Mentorship Connector is a collaborative project aimed at solving real-world problems using modern technologies.',        30, 'closed',      '2024-03-28', '2024-06-23', 4),
(54, 'AI Study Planner',            'AI Study Planner is a collaborative project aimed at solving real-world problems using modern technologies.',            33, 'closed',      '2023-06-23', '2023-09-16', 3),
(55, 'Online Debate Platform',      'Online Debate Platform is a collaborative project aimed at solving real-world problems using modern technologies.',      19, 'in_progress', '2024-11-10', '2025-01-31', 5),
(56, 'Food Delivery Tracker',       'Food Delivery Tracker is a collaborative project aimed at solving real-world problems using modern technologies.',       6,  'open',        '2024-11-19', '2024-12-29', 4),
(57, 'Music Collab Studio',         'Music Collab Studio is a collaborative project aimed at solving real-world problems using modern technologies.',         52, 'open',        '2023-05-31', '2023-06-04', 3),
(58, 'Productivity Dashboard',      'Productivity Dashboard is a collaborative project aimed at solving real-world problems using modern technologies.',      16, 'closed',      '2024-09-17', '2024-09-27', 6),
(59, 'Alumni Network',              'Alumni Network is a collaborative project aimed at solving real-world problems using modern technologies.',              27, 'in_progress', '2023-07-19', '2023-10-17', 6),
(60, 'Bug Report System',           'Bug Report System is a collaborative project aimed at solving real-world problems using modern technologies.',           32, 'closed',      '2023-09-07', '2023-09-26', 3);

INSERT INTO USER_SKILL (user_id, skill_id) VALUES
(1,12),(2,13),(4,12),(5,10),(5,14),(6,5),(6,14),(9,15),(10,8),(11,20),
(12,2),(14,14),(15,3),(15,6),(16,5),(16,7),(16,9),(17,3),(17,13),(18,14),
(18,15),(20,13),(21,7),(21,15),(22,11),(22,13),(25,5),(25,11),(25,16),(25,19),
(27,2),(27,11),(28,18),(29,6),(29,9),(30,2),(30,5),(30,9),(30,11),(31,1),
(31,4),(32,1),(32,8),(35,15),(35,18),(36,8),(36,20),(37,7),(38,19),(39,4),
(40,5),(40,17),(40,18),(43,1),(43,13),(43,17),(45,1),(46,7),(47,6),(48,16),
(48,18),(49,1),(49,8),(50,2),(50,12),(50,14),(50,17),(52,15),(52,17),(52,20),
(54,1),(54,9),(54,15),(55,14),(55,19),(58,4),(58,8),(58,18),(59,4),(59,5);

INSERT INTO PROJECT_SKILL (project_id, skill_id) VALUES
(1,14),(5,17),(5,19),(6,8),(6,10),(7,10),(7,14),(8,7),(12,16),(13,7),
(14,12),(15,13),(16,15),(17,8),(18,10),(18,11),(18,15),(18,19),(20,4),(20,19),
(21,4),(22,1),(22,9),(22,12),(23,14),(23,18),(24,15),(24,16),(26,7),(28,6),
(28,12),(29,1),(30,14),(32,11),(32,18),(34,7),(36,1),(36,17),(37,13),(37,20),
(38,1),(40,18),(42,9),(42,11),(42,16),(43,13),(45,8),(45,9),(45,15),(45,16),
(46,5),(47,14),(47,17),(48,16),(48,18),(49,6),(49,8),(50,6),(50,16),(51,2),
(51,19),(52,4),(52,9),(53,16),(53,19),(54,3),(55,8),(55,20),(57,20),(60,10);

INSERT INTO APPLICATION (application_id, user_id, project_id, status, note, applied_at) VALUES
(1,49,34,'accepted','I have 2 years of experience in this stack.','2024-07-17'),
(2,19,15,'accepted','I am very interested in this project and can contribute immediately.','2024-11-05'),
(3,1,46,'pending','I have built similar projects before and would love to collaborate.','2024-02-16'),
(4,4,36,'accepted','I bring frontend skills and strong design sense to the team.','2024-05-09'),
(5,41,56,'rejected','I have 2 years of experience in this stack.','2024-01-13'),
(6,37,19,'rejected','This aligns perfectly with my final year project goals.','2025-03-27'),
(7,22,12,'pending','I have built similar projects before and would love to collaborate.','2025-05-04'),
(8,8,53,'pending','This aligns perfectly with my final year project goals.','2025-05-18'),
(9,5,37,'pending','I am very interested in this project and can contribute immediately.','2024-06-01'),
(10,52,37,'accepted','I have 2 years of experience in this stack.','2024-09-11'),
(11,8,36,'rejected','I can commit 10 hours per week to this project.','2025-09-02'),
(12,51,40,'pending','I can commit 10 hours per week to this project.','2025-01-24'),
(13,29,59,'rejected','I have built similar projects before and would love to collaborate.','2025-08-25'),
(14,28,20,'pending','I can commit 10 hours per week to this project.','2024-04-11'),
(15,49,14,'pending','I have built similar projects before and would love to collaborate.','2025-11-07'),
(16,6,11,'pending','I am very interested in this project and can contribute immediately.','2025-07-19'),
(17,5,11,'pending','This aligns perfectly with my final year project goals.','2025-04-06'),
(18,45,39,'rejected','I have built similar projects before and would love to collaborate.','2024-02-03'),
(19,15,19,'accepted','I bring frontend skills and strong design sense to the team.','2025-04-09'),
(20,5,44,'pending','I have built similar projects before and would love to collaborate.','2025-10-02'),
(21,38,43,'pending','This aligns perfectly with my final year project goals.','2024-04-27'),
(22,35,15,'pending','I have built similar projects before and would love to collaborate.','2024-05-25'),
(23,5,4,'pending','I have built similar projects before and would love to collaborate.','2025-09-01'),
(24,48,53,'accepted','This aligns perfectly with my final year project goals.','2024-05-07'),
(25,30,45,'accepted','I bring frontend skills and strong design sense to the team.','2025-02-16'),
(26,18,33,'rejected','This aligns perfectly with my final year project goals.','2024-03-23'),
(27,39,3,'rejected','I bring frontend skills and strong design sense to the team.','2024-11-26'),
(28,39,17,'pending','I have 2 years of experience in this stack.','2024-08-22'),
(29,44,54,'pending','I bring frontend skills and strong design sense to the team.','2024-10-02'),
(30,37,3,'pending','This aligns perfectly with my final year project goals.','2025-06-15'),
(31,42,29,'accepted','I am very interested in this project and can contribute immediately.','2025-08-22'),
(32,28,41,'rejected','I have 2 years of experience in this stack.','2025-04-26'),
(33,23,27,'accepted','I have built similar projects before and would love to collaborate.','2025-11-17'),
(34,7,55,'pending','I have built similar projects before and would love to collaborate.','2025-02-25'),
(35,45,32,'accepted','I bring frontend skills and strong design sense to the team.','2025-02-14'),
(36,53,49,'pending','This aligns perfectly with my final year project goals.','2024-03-31'),
(37,21,17,'accepted','I have 2 years of experience in this stack.','2025-02-17'),
(38,56,33,'pending','I bring frontend skills and strong design sense to the team.','2025-07-09'),
(39,30,27,'pending','I am very interested in this project and can contribute immediately.','2025-06-14'),
(40,24,40,'rejected','I bring frontend skills and strong design sense to the team.','2025-03-28'),
(41,49,4,'pending','I have built similar projects before and would love to collaborate.','2025-07-16'),
(42,9,60,'accepted','This aligns perfectly with my final year project goals.','2025-12-16'),
(43,32,8,'pending','I bring frontend skills and strong design sense to the team.','2025-09-15'),
(44,52,16,'pending','I have built similar projects before and would love to collaborate.','2025-07-18'),
(45,1,36,'rejected','I have 2 years of experience in this stack.','2024-08-18'),
(46,54,59,'pending','This aligns perfectly with my final year project goals.','2024-04-30'),
(47,42,54,'pending','This aligns perfectly with my final year project goals.','2024-10-25'),
(48,33,46,'accepted','This aligns perfectly with my final year project goals.','2025-05-09'),
(49,31,16,'rejected','I can commit 10 hours per week to this project.','2024-05-28'),
(50,25,13,'pending','I have 2 years of experience in this stack.','2024-10-09'),
(51,50,51,'rejected','I have built similar projects before and would love to collaborate.','2025-06-03'),
(52,18,53,'pending','I have built similar projects before and would love to collaborate.','2024-11-01'),
(53,54,38,'rejected','I am very interested in this project and can contribute immediately.','2025-04-02'),
(54,35,31,'accepted','I have built similar projects before and would love to collaborate.','2025-07-19'),
(55,49,35,'rejected','This aligns perfectly with my final year project goals.','2024-11-25'),
(56,56,13,'pending','I can commit 10 hours per week to this project.','2025-01-27'),
(57,15,55,'rejected','I have 2 years of experience in this stack.','2024-11-21'),
(58,48,31,'rejected','This aligns perfectly with my final year project goals.','2025-11-10'),
(59,51,53,'pending','This aligns perfectly with my final year project goals.','2024-02-07'),
(60,9,33,'accepted','I have 2 years of experience in this stack.','2025-03-26'),
(61,7,34,'rejected','I have 2 years of experience in this stack.','2024-05-27'),
(62,27,56,'pending','I have 2 years of experience in this stack.','2025-04-25'),
(63,51,17,'accepted','I can commit 10 hours per week to this project.','2025-12-10'),
(64,26,42,'pending','I have built similar projects before and would love to collaborate.','2025-11-21'),
(65,55,35,'rejected','I have built similar projects before and would love to collaborate.','2025-10-03'),
(66,46,57,'rejected','I can commit 10 hours per week to this project.','2024-02-06'),
(67,40,5,'pending','I bring frontend skills and strong design sense to the team.','2025-12-01'),
(68,59,19,'pending','I bring frontend skills and strong design sense to the team.','2024-04-02'),
(69,28,7,'pending','This aligns perfectly with my final year project goals.','2024-06-19'),
(70,45,20,'pending','I have 2 years of experience in this stack.','2024-11-28');

INSERT INTO MESSAGES (message_id, sender_id, receiver_id, content, sent_at, is_read) VALUES
(1,51,4,'Do you have any specific design requirements in mind?','2025-01-02',0),
(2,28,10,'I will be available this weekend for a kickoff meeting.','2025-06-27',0),
(3,37,44,'I have some experience with this. Let me know if you need help.','2024-06-23',0),
(4,6,40,'I am having trouble with the database setup. Can you help?','2025-09-26',1),
(5,16,32,'The login feature is now complete and tested.','2024-05-26',0),
(6,30,41,'Please check the GitHub repository I shared.','2025-04-15',0),
(7,43,1,'Great work on the UI! It looks really clean.','2024-10-21',1),
(8,35,11,'I have reviewed your application and would like to invite you to join.','2025-03-28',0),
(9,38,20,'The deadline is approaching. Let us divide the remaining tasks.','2025-12-07',0),
(10,30,55,'Do you have any specific design requirements in mind?','2024-07-22',0),
(11,55,31,'Thanks for accepting my application. When do we start?','2024-08-30',0),
(12,37,23,'The login feature is now complete and tested.','2024-10-29',1),
(13,19,2,'I am having trouble with the database setup. Can you help?','2024-10-08',0),
(14,37,56,'Can we discuss the project requirements in more detail?','2025-09-12',1),
(15,32,54,'Do you have any specific design requirements in mind?','2024-08-23',1),
(16,52,23,'I will be available this weekend for a kickoff meeting.','2025-10-13',0),
(17,40,17,'Could you share more about the tech stack you are planning to use?','2025-10-05',0),
(18,58,41,'Can we discuss the project requirements in more detail?','2024-11-12',0),
(19,3,38,'Let us use Discord for team communication.','2024-05-14',0),
(20,59,19,'I finished the first module. Please review when you get a chance.','2025-03-01',0),
(21,13,9,'I pushed the latest changes to the dev branch.','2025-01-09',1),
(22,33,59,'Please check the GitHub repository I shared.','2024-06-17',0),
(23,59,53,'I updated the README file with setup instructions.','2024-10-29',1),
(24,56,22,'Thanks for accepting my application. When do we start?','2025-04-24',0),
(25,10,49,'I will be available this weekend for a kickoff meeting.','2025-11-23',1),
(26,44,26,'I pushed the latest changes to the dev branch.','2025-01-09',0),
(27,51,26,'Hey, I saw your project and I am really interested!','2024-09-27',1),
(28,8,30,'Let us use Discord for team communication.','2025-11-19',1),
(29,44,17,'The login feature is now complete and tested.','2025-01-25',1),
(30,24,7,'I will be available this weekend for a kickoff meeting.','2025-04-27',0),
(31,40,57,'I pushed the latest changes to the dev branch.','2024-12-01',1),
(32,15,42,'I have reviewed your application and would like to invite you to join.','2025-10-12',0),
(33,59,45,'Do you have any specific design requirements in mind?','2025-10-26',0),
(34,8,9,'Can we discuss the project requirements in more detail?','2024-02-08',0),
(35,32,8,'Thanks for accepting my application. When do we start?','2024-08-28',1),
(36,9,25,'Great work on the UI! It looks really clean.','2025-01-14',1),
(37,48,45,'I pushed the latest changes to the dev branch.','2025-03-05',1),
(38,48,47,'Could you share more about the tech stack you are planning to use?','2025-02-28',1),
(39,7,54,'I updated the README file with setup instructions.','2025-09-22',0),
(40,18,3,'Let us use Discord for team communication.','2024-08-10',0),
(41,29,16,'Let us use Discord for team communication.','2024-04-11',1),
(42,24,35,'Let us use Discord for team communication.','2024-03-03',0),
(43,18,13,'Thanks for accepting my application. When do we start?','2025-04-10',0),
(44,43,14,'Should we use JWT or session tokens for authentication?','2024-01-22',0),
(45,51,22,'I will be available this weekend for a kickoff meeting.','2024-05-08',1),
(46,14,5,'I pushed the latest changes to the dev branch.','2024-07-31',1),
(47,14,53,'I will be available this weekend for a kickoff meeting.','2024-12-02',0),
(48,51,58,'Should we use JWT or session tokens for authentication?','2024-01-03',0),
(49,55,10,'Could you share more about the tech stack you are planning to use?','2025-07-07',0),
(50,52,12,'Thanks for accepting my application. When do we start?','2025-11-07',0),
(51,9,1,'Let us use Discord for team communication.','2024-08-31',1),
(52,21,2,'I have some experience with this. Let me know if you need help.','2024-09-28',0),
(53,9,48,'The deadline is approaching. Let us divide the remaining tasks.','2025-06-22',0),
(54,48,5,'I updated the README file with setup instructions.','2025-04-04',0),
(55,33,38,'Thanks for accepting my application. When do we start?','2025-04-07',1),
(56,15,40,'Can we discuss the project requirements in more detail?','2025-11-05',1),
(57,20,30,'Hey, I saw your project and I am really interested!','2024-03-03',0),
(58,55,26,'The deadline is approaching. Let us divide the remaining tasks.','2025-12-03',0),
(59,32,46,'Great work on the UI! It looks really clean.','2024-03-16',0),
(60,21,39,'Could you share more about the tech stack you are planning to use?','2024-03-08',0),
(61,18,40,'The login feature is now complete and tested.','2025-07-15',1),
(62,21,25,'Should we use JWT or session tokens for authentication?','2025-06-27',0),
(63,30,33,'Should we use JWT or session tokens for authentication?','2025-03-16',0),
(64,51,45,'Thanks for accepting my application. When do we start?','2025-11-01',1),
(65,57,50,'I pushed the latest changes to the dev branch.','2024-08-08',0),
(66,29,57,'I will be available this weekend for a kickoff meeting.','2025-02-27',0),
(67,53,30,'I am having trouble with the database setup. Can you help?','2025-03-01',1),
(68,7,21,'The deadline is approaching. Let us divide the remaining tasks.','2024-11-16',1),
(69,17,24,'Could you share more about the tech stack you are planning to use?','2025-12-04',0),
(70,5,6,'I have reviewed your application and would like to invite you to join.','2024-04-05',0),
(71,7,48,'Let us use Discord for team communication.','2024-05-13',1),
(72,4,38,'I pushed the latest changes to the dev branch.','2025-07-29',0),
(73,43,8,'The deadline is approaching. Let us divide the remaining tasks.','2024-12-28',1),
(74,49,28,'Can we discuss the project requirements in more detail?','2024-10-21',1),
(75,20,23,'Thanks for accepting my application. When do we start?','2025-08-14',1),
(76,14,10,'I updated the README file with setup instructions.','2024-08-17',0),
(77,23,55,'I pushed the latest changes to the dev branch.','2025-01-11',0),
(78,49,18,'The login feature is now complete and tested.','2024-08-19',0),
(79,55,36,'Should we use JWT or session tokens for authentication?','2025-09-20',1),
(80,42,36,'Hey, I saw your project and I am really interested!','2025-09-15',1);